<?xml version="1.0" encoding="UTF-8" standalone="yes"?>
<addon id="plugin.video.mykodibuildwizard" name="Mykodibuildwizard" version="1.0.1" provider-name="Slimbee33">
  <requires>
    <import addon="xbmc.python" version="2.1.0"/>
  </requires>
  <extension point="xbmc.python.pluginsource" library="default.py">
        <provides>video executable</provides>
  </extension>
  <extension point="xbmc.addon.metadata">
    <summary lang="en">MyKodiBuild Wizard</summary>
    <description lang="en">The latest Kodi build from Slimbee33</description>
    <platform>all</platform>
  </extension>
</addon>
